UID,FIPS
16,60
316,66
580,69
850,78
630,72
63072001,72001
63072003,72003
63072005,72005
63072007,72007
63072009,72009
63072011,72011
63072013,72013
63072015,72015
63072017,72017
63072019,72019
63072021,72021
63072023,72023
63072025,72025
63072027,72027
63072029,72029
63072031,72031
63072033,72033
63072035,72035
63072037,72037
63072039,72039
63072041,72041
63072043,72043
63072045,72045
63072047,72047
63072049,72049
63072051,72051
63072053,72053
63072054,72054
63072055,72055
63072057,72057
63072059,72059
63072061,72061
63072063,72063
63072065,72065
63072067,72067
63072069,72069
63072071,72071
63072073,72073
63072075,72075
63072077,72077
63072079,72079
63072081,72081
63072083,72083
63072085,72085
63072087,72087
63072089,72089
63072091,72091
63072093,72093
63072095,72095
63072097,72097
63072099,72099
63072101,72101
63072103,72103
63072105,72105
63072107,72107
63072109,72109
63072111,72111
63072113,72113
63072115,72115
63072117,72117
63072119,72119
63072121,72121
63072123,72123
63072125,72125
63072127,72127
63072129,72129
63072131,72131
63072133,72133
63072135,72135
63072137,72137
63072139,72139
63072141,72141
63072143,72143
63072145,72145
63072147,72147
63072149,72149
63072151,72151
63072153,72153
63072888,72888
63072999,72999
84088888,88888
84099999,99999
84000001,01
84000002,02
84000004,04
84000005,05
84000006,06
84000008,08
84000009,09
84000010,10
84000011,11
84000012,12
84000013,13
84000015,15
84000016,16
84000017,17
84000018,18
84000019,19
84000020,20
84000021,21
84000022,22
84000023,23
84000024,24
84000025,25
84000026,26
84000027,27
84000028,28
84000029,29
84000030,30
84000031,31
84000032,32
84000033,33
84000034,34
84000035,35
84000036,36
84000037,37
84000038,38
84000039,39
84000040,40
84000041,41
84000042,42
84000044,44
84000045,45
84000046,46
84000047,47
84000048,48
84000049,49
84000050,50
84000051,51
84000053,53
84000054,54
84000055,55
84000056,56
84080001,80001
84080002,80002
84080004,80004
84080005,80005
84080006,80006
84080008,80008
84080009,80009
84080010,80010
84080011,80011
84080012,80012
84080013,80013
84080015,80015
84080016,80016
84080017,80017
84080018,80018
84080019,80019
84080020,80020
84080021,80021
84080022,80022
84080023,80023
84080024,80024
84080025,80025
84080026,80026
84080027,80027
84080028,80028
84080029,80029
84080030,80030
84080031,80031
84080032,80032
84080033,80033
84080034,80034
84080035,80035
84080036,80036
84080037,80037
84080038,80038
84080039,80039
84080040,80040
84080041,80041
84080042,80042
84080044,80044
84080045,80045
84080046,80046
84080047,80047
84080048,80048
84080049,80049
84080050,80050
84080051,80051
84080053,80053
84080054,80054
84080055,80055
84080056,80056
84090001,90001
84090002,90002
84090004,90004
84090005,90005
84090006,90006
84090008,90008
84090009,90009
84090010,90010
84090011,90011
84090012,90012
84090013,90013
84090015,90015
84090016,90016
84090017,90017
84090018,90018
84090019,90019
84090020,90020
84090021,90021
84090022,90022
84090023,90023
84090024,90024
84090025,90025
84090026,90026
84090027,90027
84090028,90028
84090029,90029
84090030,90030
84090031,90031
84090032,90032
84090033,90033
84090034,90034
84090035,90035
84090036,90036
84090037,90037
84090038,90038
84090039,90039
84090040,90040
84090041,90041
84090042,90042
84090044,90044
84090045,90045
84090046,90046
84090047,90047
84090048,90048
84090049,90049
84090050,90050
84090051,90051
84090053,90053
84090054,90054
84090055,90055
84090056,90056
84001001,01001
84001003,01003
84001005,01005
84001007,01007
84001009,01009
84001011,01011
84001013,01013
84001015,01015
84001017,01017
84001019,01019
84001021,01021
84001023,01023
84001025,01025
84001027,01027
84001029,01029
84001031,01031
84001033,01033
84001035,01035
84001037,01037
84001039,01039
84001041,01041
84001043,01043
84001045,01045
84001047,01047
84001049,01049
84001051,01051
84001053,01053
84001055,01055
84001057,01057
84001059,01059
84001061,01061
84001063,01063
84001065,01065
84001067,01067
84001069,01069
84001071,01071
84001073,01073
84001075,01075
84001077,01077
84001079,01079
84001081,01081
84001083,01083
84001085,01085
84001087,01087
84001089,01089
84001091,01091
84001093,01093
84001095,01095
84001097,01097
84001099,01099
84001101,01101
84001103,01103
84001105,01105
84001107,01107
84001109,01109
84001111,01111
84001113,01113
84001115,01115
84001117,01117
84001119,01119
84001121,01121
84001123,01123
84001125,01125
84001127,01127
84001129,01129
84001131,01131
84001133,01133
84002013,02013
84002016,02016
84002020,02020
84002050,02050
84002060,02060
84002066,02066
84002063,02063
84002068,02068
84002070,02070
84002090,02090
84002100,02100
84002105,02105
84002110,02110
84002122,02122
84002130,02130
84002150,02150
84002158,02158
84002164,02164
84002170,02170
84002180,02180
84002185,02185
84002188,02188
84002195,02195
84002198,02198
84002220,02220
84002230,02230
84002240,02240
84002261,02261
84002275,02275
84002282,02282
84002290,02290
84004001,04001
84004003,04003
84004005,04005
84004007,04007
84004009,04009
84004011,04011
84004012,04012
84004013,04013
84004015,04015
84004017,04017
84004019,04019
84004021,04021
84004023,04023
84004025,04025
84004027,04027
84005001,05001
84005003,05003
84005005,05005
84005007,05007
84005009,05009
84005011,05011
84005013,05013
84005015,05015
84005017,05017
84005019,05019
84005021,05021
84005023,05023
84005025,05025
84005027,05027
84005029,05029
84005031,05031
84005033,05033
84005035,05035
84005037,05037
84005039,05039
84005041,05041
84005043,05043
84005045,05045
84005047,05047
84005049,05049
84005051,05051
84005053,05053
84005055,05055
84005057,05057
84005059,05059
84005061,05061
84005063,05063
84005065,05065
84005067,05067
84005069,05069
84005071,05071
84005073,05073
84005075,05075
84005077,05077
84005079,05079
84005081,05081
84005083,05083
84005085,05085
84005087,05087
84005089,05089
84005091,05091
84005093,05093
84005095,05095
84005097,05097
84005099,05099
84005101,05101
84005103,05103
84005105,05105
84005107,05107
84005109,05109
84005111,05111
84005113,05113
84005115,05115
84005117,05117
84005119,05119
84005121,05121
84005123,05123
84005125,05125
84005127,05127
84005129,05129
84005131,05131
84005133,05133
84005135,05135
84005137,05137
84005139,05139
84005141,05141
84005143,05143
84005145,05145
84005147,05147
84005149,05149
84006001,06001
84006003,06003
84006005,06005
84006007,06007
84006009,06009
84006011,06011
84006013,06013
84006015,06015
84006017,06017
84006019,06019
84006021,06021
84006023,06023
84006025,06025
84006027,06027
84006029,06029
84006031,06031
84006033,06033
84006035,06035
84006037,06037
84006039,06039
84006041,06041
84006043,06043
84006045,06045
84006047,06047
84006049,06049
84006051,06051
84006053,06053
84006055,06055
84006057,06057
84006059,06059
84006061,06061
84006063,06063
84006065,06065
84006067,06067
84006069,06069
84006071,06071
84006073,06073
84006075,06075
84006077,06077
84006079,06079
84006081,06081
84006083,06083
84006085,06085
84006087,06087
84006089,06089
84006091,06091
84006093,06093
84006095,06095
84006097,06097
84006099,06099
84006101,06101
84006103,06103
84006105,06105
84006107,06107
84006109,06109
84006111,06111
84006113,06113
84006115,06115
84008001,08001
84008003,08003
84008005,08005
84008007,08007
84008009,08009
84008011,08011
84008013,08013
84008014,08014
84008015,08015
84008017,08017
84008019,08019
84008021,08021
84008023,08023
84008025,08025
84008027,08027
84008029,08029
84008031,08031
84008033,08033
84008035,08035
84008037,08037
84008039,08039
84008041,08041
84008043,08043
84008045,08045
84008047,08047
84008049,08049
84008051,08051
84008053,08053
84008055,08055
84008057,08057
84008059,08059
84008061,08061
84008063,08063
84008065,08065
84008067,08067
84008069,08069
84008071,08071
84008073,08073
84008075,08075
84008077,08077
84008079,08079
84008081,08081
84008083,08083
84008085,08085
84008087,08087
84008089,08089
84008091,08091
84008093,08093
84008095,08095
84008097,08097
84008099,08099
84008101,08101
84008103,08103
84008105,08105
84008107,08107
84008109,08109
84008111,08111
84008113,08113
84008115,08115
84008117,08117
84008119,08119
84008121,08121
84008123,08123
84008125,08125
84009001,09001
84009003,09003
84009005,09005
84009007,09007
84009009,09009
84009011,09011
84009013,09013
84009015,09015
84010001,10001
84010003,10003
84010005,10005
84011001,11001
84012001,12001
84012003,12003
84012005,12005
84012007,12007
84012009,12009
84012011,12011
84012013,12013
84012015,12015
84012017,12017
84012019,12019
84012021,12021
84012023,12023
84012027,12027
84012029,12029
84012031,12031
84012033,12033
84012035,12035
84012037,12037
84012039,12039
84012041,12041
84012043,12043
84012045,12045
84012047,12047
84012049,12049
84012051,12051
84012053,12053
84012055,12055
84012057,12057
84012059,12059
84012061,12061
84012063,12063
84012065,12065
84012067,12067
84012069,12069
84012071,12071
84012073,12073
84012075,12075
84012077,12077
84012079,12079
84012081,12081
84012083,12083
84012085,12085
84012086,12086
84012087,12087
84012089,12089
84012091,12091
84012093,12093
84012095,12095
84012097,12097
84012099,12099
84012101,12101
84012103,12103
84012105,12105
84012107,12107
84012109,12109
84012111,12111
84012113,12113
84012115,12115
84012117,12117
84012119,12119
84012121,12121
84012123,12123
84012125,12125
84012127,12127
84012129,12129
84012131,12131
84012133,12133
84013001,13001
84013003,13003
84013005,13005
84013007,13007
84013009,13009
84013011,13011
84013013,13013
84013015,13015
84013017,13017
84013019,13019
84013021,13021
84013023,13023
84013025,13025
84013027,13027
84013029,13029
84013031,13031
84013033,13033
84013035,13035
84013037,13037
84013039,13039
84013043,13043
84013045,13045
84013047,13047
84013049,13049
84013051,13051
84013053,13053
84013055,13055
84013057,13057
84013059,13059
84013061,13061
84013063,13063
84013065,13065
84013067,13067
84013069,13069
84013071,13071
84013073,13073
84013075,13075
84013077,13077
84013079,13079
84013081,13081
84013083,13083
84013085,13085
84013087,13087
84013089,13089
84013091,13091
84013093,13093
84013095,13095
84013097,13097
84013099,13099
84013101,13101
84013103,13103
84013105,13105
84013107,13107
84013109,13109
84013111,13111
84013113,13113
84013115,13115
84013117,13117
84013119,13119
84013121,13121
84013123,13123
84013125,13125
84013127,13127
84013129,13129
84013131,13131
84013133,13133
84013135,13135
84013137,13137
84013139,13139
84013141,13141
84013143,13143
84013145,13145
84013147,13147
84013149,13149
84013151,13151
84013153,13153
84013155,13155
84013157,13157
84013159,13159
84013161,13161
84013163,13163
84013165,13165
84013167,13167
84013169,13169
84013171,13171
84013173,13173
84013175,13175
84013177,13177
84013179,13179
84013181,13181
84013183,13183
84013185,13185
84013187,13187
84013189,13189
84013191,13191
84013193,13193
84013195,13195
84013197,13197
84013199,13199
84013201,13201
84013205,13205
84013207,13207
84013209,13209
84013211,13211
84013213,13213
84013215,13215
84013217,13217
84013219,13219
84013221,13221
84013223,13223
84013225,13225
84013227,13227
84013229,13229
84013231,13231
84013233,13233
84013235,13235
84013237,13237
84013239,13239
84013241,13241
84013243,13243
84013245,13245
84013247,13247
84013249,13249
84013251,13251
84013253,13253
84013255,13255
84013257,13257
84013259,13259
84013261,13261
84013263,13263
84013265,13265
84013267,13267
84013269,13269
84013271,13271
84013273,13273
84013275,13275
84013277,13277
84013279,13279
84013281,13281
84013283,13283
84013285,13285
84013287,13287
84013289,13289
84013291,13291
84013293,13293
84013295,13295
84013297,13297
84013299,13299
84013301,13301
84013303,13303
84013305,13305
84013307,13307
84013309,13309
84013311,13311
84013313,13313
84013315,13315
84013317,13317
84013319,13319
84013321,13321
84015001,15001
84015003,15003
84015005,15005
84015007,15007
84015009,15009
84016001,16001
84016003,16003
84016005,16005
84016007,16007
84016009,16009
84016011,16011
84016013,16013
84016015,16015
84016017,16017
84016019,16019
84016021,16021
84016023,16023
84016025,16025
84016027,16027
84016029,16029
84016031,16031
84016033,16033
84016035,16035
84016037,16037
84016039,16039
84016041,16041
84016043,16043
84016045,16045
84016047,16047
84016049,16049
84016051,16051
84016053,16053
84016055,16055
84016057,16057
84016059,16059
84016061,16061
84016063,16063
84016065,16065
84016067,16067
84016069,16069
84016071,16071
84016073,16073
84016075,16075
84016077,16077
84016079,16079
84016081,16081
84016083,16083
84016085,16085
84016087,16087
84017001,17001
84017003,17003
84017005,17005
84017007,17007
84017009,17009
84017011,17011
84017013,17013
84017015,17015
84017017,17017
84017019,17019
84017021,17021
84017023,17023
84017025,17025
84017027,17027
84017029,17029
84017031,17031
84017033,17033
84017035,17035
84017037,17037
84017039,17039
84017041,17041
84017043,17043
84017045,17045
84017047,17047
84017049,17049
84017051,17051
84017053,17053
84017055,17055
84017057,17057
84017059,17059
84017061,17061
84017063,17063
84017065,17065
84017067,17067
84017069,17069
84017071,17071
84017073,17073
84017075,17075
84017077,17077
84017079,17079
84017081,17081
84017083,17083
84017085,17085
84017087,17087
84017089,17089
84017091,17091
84017093,17093
84017095,17095
84017097,17097
84017099,17099
84017101,17101
84017103,17103
84017105,17105
84017107,17107
84017109,17109
84017111,17111
84017113,17113
84017115,17115
84017117,17117
84017119,17119
84017121,17121
84017123,17123
84017125,17125
84017127,17127
84017129,17129
84017131,17131
84017133,17133
84017135,17135
84017137,17137
84017139,17139
84017141,17141
84017143,17143
84017145,17145
84017147,17147
84017149,17149
84017151,17151
84017153,17153
84017155,17155
84017157,17157
84017159,17159
84017161,17161
84017163,17163
84017165,17165
84017167,17167
84017169,17169
84017171,17171
84017173,17173
84017175,17175
84017177,17177
84017179,17179
84017181,17181
84017183,17183
84017185,17185
84017187,17187
84017189,17189
84017191,17191
84017193,17193
84017195,17195
84017197,17197
84017199,17199
84017201,17201
84017203,17203
84018001,18001
84018003,18003
84018005,18005
84018007,18007
84018009,18009
84018011,18011
84018013,18013
84018015,18015
84018017,18017
84018019,18019
84018021,18021
84018023,18023
84018025,18025
84018027,18027
84018029,18029
84018031,18031
84018033,18033
84018035,18035
84018037,18037
84018039,18039
84018041,18041
84018043,18043
84018045,18045
84018047,18047
84018049,18049
84018051,18051
84018053,18053
84018055,18055
84018057,18057
84018059,18059
84018061,18061
84018063,18063
84018065,18065
84018067,18067
84018069,18069
84018071,18071
84018073,18073
84018075,18075
84018077,18077
84018079,18079
84018081,18081
84018083,18083
84018085,18085
84018087,18087
84018089,18089
84018091,18091
84018093,18093
84018095,18095
84018097,18097
84018099,18099
84018101,18101
84018103,18103
84018105,18105
84018107,18107
84018109,18109
84018111,18111
84018113,18113
84018115,18115
84018117,18117
84018119,18119
84018121,18121
84018123,18123
84018125,18125
84018127,18127
84018129,18129
84018131,18131
84018133,18133
84018135,18135
84018137,18137
84018139,18139
84018141,18141
84018143,18143
84018145,18145
84018147,18147
84018149,18149
84018151,18151
84018153,18153
84018155,18155
84018157,18157
84018159,18159
84018161,18161
84018163,18163
84018165,18165
84018167,18167
84018169,18169
84018171,18171
84018173,18173
84018175,18175
84018177,18177
84018179,18179
84018181,18181
84018183,18183
84019001,19001
84019003,19003
84019005,19005
84019007,19007
84019009,19009
84019011,19011
84019013,19013
84019015,19015
84019017,19017
84019019,19019
84019021,19021
84019023,19023
84019025,19025
84019027,19027
84019029,19029
84019031,19031
84019033,19033
84019035,19035
84019037,19037
84019039,19039
84019041,19041
84019043,19043
84019045,19045
84019047,19047
84019049,19049
84019051,19051
84019053,19053
84019055,19055
84019057,19057
84019059,19059
84019061,19061
84019063,19063
84019065,19065
84019067,19067
84019069,19069
84019071,19071
84019073,19073
84019075,19075
84019077,19077
84019079,19079
84019081,19081
84019083,19083
84019085,19085
84019087,19087
84019089,19089
84019091,19091
84019093,19093
84019095,19095
84019097,19097
84019099,19099
84019101,19101
84019103,19103
84019105,19105
84019107,19107
84019109,19109
84019111,19111
84019113,19113
84019115,19115
84019117,19117
84019119,19119
84019121,19121
84019123,19123
84019125,19125
84019127,19127
84019129,19129
84019131,19131
84019133,19133
84019135,19135
84019137,19137
84019139,19139
84019141,19141
84019143,19143
84019145,19145
84019147,19147
84019149,19149
84019151,19151
84019153,19153
84019155,19155
84019157,19157
84019159,19159
84019161,19161
84019163,19163
84019165,19165
84019167,19167
84019169,19169
84019171,19171
84019173,19173
84019175,19175
84019177,19177
84019179,19179
84019181,19181
84019183,19183
84019185,19185
84019187,19187
84019189,19189
84019191,19191
84019193,19193
84019195,19195
84019197,19197
84020001,20001
84020003,20003
84020005,20005
84020007,20007
84020009,20009
84020011,20011
84020013,20013
84020015,20015
84020017,20017
84020019,20019
84020021,20021
84020023,20023
84020025,20025
84020027,20027
84020029,20029
84020031,20031
84020033,20033
84020035,20035
84020037,20037
84020039,20039
84020041,20041
84020043,20043
84020045,20045
84020047,20047
84020049,20049
84020051,20051
84020053,20053
84020055,20055
84020057,20057
84020059,20059
84020061,20061
84020063,20063
84020065,20065
84020067,20067
84020069,20069
84020071,20071
84020073,20073
84020075,20075
84020077,20077
84020079,20079
84020081,20081
84020083,20083
84020085,20085
84020087,20087
84020089,20089
84020091,20091
84020093,20093
84020095,20095
84020097,20097
84020099,20099
84020101,20101
84020103,20103
84020105,20105
84020107,20107
84020109,20109
84020111,20111
84020113,20113
84020115,20115
84020117,20117
84020119,20119
84020121,20121
84020123,20123
84020125,20125
84020127,20127
84020129,20129
84020131,20131
84020133,20133
84020135,20135
84020137,20137
84020139,20139
84020141,20141
84020143,20143
84020145,20145
84020147,20147
84020149,20149
84020151,20151
84020153,20153
84020155,20155
84020157,20157
84020159,20159
84020161,20161
84020163,20163
84020165,20165
84020167,20167
84020169,20169
84020171,20171
84020173,20173
84020175,20175
84020177,20177
84020179,20179
84020181,20181
84020183,20183
84020185,20185
84020187,20187
84020189,20189
84020191,20191
84020193,20193
84020195,20195
84020197,20197
84020199,20199
84020201,20201
84020203,20203
84020205,20205
84020207,20207
84020209,20209
84021001,21001
84021003,21003
84021005,21005
84021007,21007
84021009,21009
84021011,21011
84021013,21013
84021015,21015
84021017,21017
84021019,21019
84021021,21021
84021023,21023
84021025,21025
84021027,21027
84021029,21029
84021031,21031
84021033,21033
84021035,21035
84021037,21037
84021039,21039
84021041,21041
84021043,21043
84021045,21045
84021047,21047
84021049,21049
84021051,21051
84021053,21053
84021055,21055
84021057,21057
84021059,21059
84021061,21061
84021063,21063
84021065,21065
84021067,21067
84021069,21069
84021071,21071
84021073,21073
84021075,21075
84021077,21077
84021079,21079
84021081,21081
84021083,21083
84021085,21085
84021087,21087
84021089,21089
84021091,21091
84021093,21093
84021095,21095
84021097,21097
84021099,21099
84021101,21101
84021103,21103
84021105,21105
84021107,21107
84021109,21109
84021111,21111
84021113,21113
84021115,21115
84021117,21117
84021119,21119
84021121,21121
84021123,21123
84021125,21125
84021127,21127
84021129,21129
84021131,21131
84021133,21133
84021135,21135
84021137,21137
84021139,21139
84021141,21141
84021143,21143
84021145,21145
84021147,21147
84021149,21149
84021151,21151
84021153,21153
84021155,21155
84021157,21157
84021159,21159
84021161,21161
84021163,21163
84021165,21165
84021167,21167
84021169,21169
84021171,21171
84021173,21173
84021175,21175
84021177,21177
84021179,21179
84021181,21181
84021183,21183
84021185,21185
84021187,21187
84021189,21189
84021191,21191
84021193,21193
84021195,21195
84021197,21197
84021199,21199
84021201,21201
84021203,21203
84021205,21205
84021207,21207
84021209,21209
84021211,21211
84021213,21213
84021215,21215
84021217,21217
84021219,21219
84021221,21221
84021223,21223
84021225,21225
84021227,21227
84021229,21229
84021231,21231
84021233,21233
84021235,21235
84021237,21237
84021239,21239
84022001,22001
84022003,22003
84022005,22005
84022007,22007
84022009,22009
84022011,22011
84022013,22013
84022015,22015
84022017,22017
84022019,22019
84022021,22021
84022023,22023
84022025,22025
84022027,22027
84022029,22029
84022031,22031
84022033,22033
84022035,22035
84022037,22037
84022039,22039
84022041,22041
84022043,22043
84022045,22045
84022047,22047
84022049,22049
84022051,22051
84022053,22053
84022055,22055
84022057,22057
84022059,22059
84022061,22061
84022063,22063
84022065,22065
84022067,22067
84022069,22069
84022071,22071
84022073,22073
84022075,22075
84022077,22077
84022079,22079
84022081,22081
84022083,22083
84022085,22085
84022087,22087
84022089,22089
84022091,22091
84022093,22093
84022095,22095
84022097,22097
84022099,22099
84022101,22101
84022103,22103
84022105,22105
84022107,22107
84022109,22109
84022111,22111
84022113,22113
84022115,22115
84022117,22117
84022119,22119
84022121,22121
84022123,22123
84022125,22125
84022127,22127
84023001,23001
84023003,23003
84023005,23005
84023007,23007
84023009,23009
84023011,23011
84023013,23013
84023015,23015
84023017,23017
84023019,23019
84023021,23021
84023023,23023
84023025,23025
84023027,23027
84023029,23029
84023031,23031
84024001,24001
84024003,24003
84024005,24005
84024009,24009
84024011,24011
84024013,24013
84024015,24015
84024017,24017
84024019,24019
84024021,24021
84024023,24023
84024025,24025
84024027,24027
84024029,24029
84024031,24031
84024033,24033
84024035,24035
84024037,24037
84024039,24039
84024041,24041
84024043,24043
84024045,24045
84024047,24047
84024510,24510
84025001,25001
84025003,25003
84025005,25005
84025007,25007
84025009,25009
84025011,25011
84025013,25013
84025015,25015
84025017,25017
84025019,25019
84025021,25021
84025023,25023
84025025,25025
84025027,25027
84026001,26001
84026003,26003
84026005,26005
84026007,26007
84026009,26009
84026011,26011
84026013,26013
84026015,26015
84026017,26017
84026019,26019
84026021,26021
84026023,26023
84026025,26025
84026027,26027
84026029,26029
84026031,26031
84026033,26033
84026035,26035
84026037,26037
84026039,26039
84026041,26041
84026043,26043
84026045,26045
84026047,26047
84026049,26049
84026051,26051
84026053,26053
84026055,26055
84026057,26057
84026059,26059
84026061,26061
84026063,26063
84026065,26065
84026067,26067
84026069,26069
84026071,26071
84026073,26073
84026075,26075
84026077,26077
84026079,26079
84026081,26081
84026083,26083
84026085,26085
84026087,26087
84026089,26089
84026091,26091
84026093,26093
84026095,26095
84026097,26097
84026099,26099
84026101,26101
84026103,26103
84026105,26105
84026107,26107
84026109,26109
84026111,26111
84026113,26113
84026115,26115
84026117,26117
84026119,26119
84026121,26121
84026123,26123
84026125,26125
84026127,26127
84026129,26129
84026131,26131
84026133,26133
84026135,26135
84026137,26137
84026139,26139
84026141,26141
84026143,26143
84026145,26145
84026147,26147
84026149,26149
84026151,26151
84026153,26153
84026155,26155
84026157,26157
84026159,26159
84026161,26161
84026163,26163
84026165,26165
84027001,27001
84027003,27003
84027005,27005
84027007,27007
84027009,27009
84027011,27011
84027013,27013
84027015,27015
84027017,27017
84027019,27019
84027021,27021
84027023,27023
84027025,27025
84027027,27027
84027029,27029
84027031,27031
84027033,27033
84027035,27035
84027037,27037
84027039,27039
84027041,27041
84027043,27043
84027045,27045
84027047,27047
84027049,27049
84027051,27051
84027053,27053
84027055,27055
84027057,27057
84027059,27059
84027061,27061
84027063,27063
84027065,27065
84027067,27067
84027069,27069
84027071,27071
84027073,27073
84027075,27075
84027077,27077
84027079,27079
84027081,27081
84027083,27083
84027085,27085
84027087,27087
84027089,27089
84027091,27091
84027093,27093
84027095,27095
84027097,27097
84027099,27099
84027101,27101
84027103,27103
84027105,27105
84027107,27107
84027109,27109
84027111,27111
84027113,27113
84027115,27115
84027117,27117
84027119,27119
84027121,27121
84027123,27123
84027125,27125
84027127,27127
84027129,27129
84027131,27131
84027133,27133
84027135,27135
84027137,27137
84027139,27139
84027141,27141
84027143,27143
84027145,27145
84027147,27147
84027149,27149
84027151,27151
84027153,27153
84027155,27155
84027157,27157
84027159,27159
84027161,27161
84027163,27163
84027165,27165
84027167,27167
84027169,27169
84027171,27171
84027173,27173
84028001,28001
84028003,28003
84028005,28005
84028007,28007
84028009,28009
84028011,28011
84028013,28013
84028015,28015
84028017,28017
84028019,28019
84028021,28021
84028023,28023
84028025,28025
84028027,28027
84028029,28029
84028031,28031
84028033,28033
84028035,28035
84028037,28037
84028039,28039
84028041,28041
84028043,28043
84028045,28045
84028047,28047
84028049,28049
84028051,28051
84028053,28053
84028055,28055
84028057,28057
84028059,28059
84028061,28061
84028063,28063
84028065,28065
84028067,28067
84028069,28069
84028071,28071
84028073,28073
84028075,28075
84028077,28077
84028079,28079
84028081,28081
84028083,28083
84028085,28085
84028087,28087
84028089,28089
84028091,28091
84028093,28093
84028095,28095
84028097,28097
84028099,28099
84028101,28101
84028103,28103
84028105,28105
84028107,28107
84028109,28109
84028111,28111
84028113,28113
84028115,28115
84028117,28117
84028119,28119
84028121,28121
84028123,28123
84028125,28125
84028127,28127
84028129,28129
84028131,28131
84028133,28133
84028135,28135
84028137,28137
84028139,28139
84028141,28141
84028143,28143
84028145,28145
84028147,28147
84028149,28149
84028151,28151
84028153,28153
84028155,28155
84028157,28157
84028159,28159
84028161,28161
84028163,28163
84029001,29001
84029003,29003
84029005,29005
84029007,29007
84029009,29009
84029011,29011
84029013,29013
84029015,29015
84029017,29017
84029019,29019
84029021,29021
84029023,29023
84029025,29025
84029027,29027
84029029,29029
84029031,29031
84029033,29033
84029035,29035
84029037,29037
84029039,29039
84029041,29041
84029043,29043
84029045,29045
84029047,29047
84029049,29049
84029051,29051
84029053,29053
84029055,29055
84029057,29057
84029059,29059
84029061,29061
84029063,29063
84029065,29065
84029067,29067
84029069,29069
84029071,29071
84029073,29073
84029075,29075
84029077,29077
84029079,29079
84029081,29081
84029083,29083
84029085,29085
84029087,29087
84029089,29089
84029091,29091
84029093,29093
84029095,29095
84029097,29097
84029099,29099
84029101,29101
84029103,29103
84029105,29105
84029107,29107
84029109,29109
84029111,29111
84029113,29113
84029115,29115
84029117,29117
84029119,29119
84029121,29121
84029123,29123
84029125,29125
84029127,29127
84029129,29129
84029131,29131
84029133,29133
84029135,29135
84029137,29137
84029139,29139
84029141,29141
84029143,29143
84029145,29145
84029147,29147
84029149,29149
84029151,29151
84029153,29153
84029155,29155
84029157,29157
84029159,29159
84029161,29161
84029163,29163
84029165,29165
84029167,29167
84029169,29169
84029171,29171
84029173,29173
84029175,29175
84029177,29177
84029179,29179
84029181,29181
84029183,29183
84029185,29185
84029186,29186
84029187,29187
84029189,29189
84029195,29195
84029197,29197
84029199,29199
84029201,29201
84029203,29203
84029205,29205
84029207,29207
84029209,29209
84029211,29211
84029213,29213
84029215,29215
84029217,29217
84029219,29219
84029221,29221
84029223,29223
84029225,29225
84029227,29227
84029229,29229
84029510,29510
84030001,30001
84030003,30003
84030005,30005
84030007,30007
84030009,30009
84030011,30011
84030013,30013
84030015,30015
84030017,30017
84030019,30019
84030021,30021
84030023,30023
84030025,30025
84030027,30027
84030029,30029
84030031,30031
84030033,30033
84030035,30035
84030037,30037
84030039,30039
84030041,30041
84030043,30043
84030045,30045
84030047,30047
84030049,30049
84030051,30051
84030053,30053
84030055,30055
84030057,30057
84030059,30059
84030061,30061
84030063,30063
84030065,30065
84030067,30067
84030069,30069
84030071,30071
84030073,30073
84030075,30075
84030077,30077
84030079,30079
84030081,30081
84030083,30083
84030085,30085
84030087,30087
84030089,30089
84030091,30091
84030093,30093
84030095,30095
84030097,30097
84030099,30099
84030101,30101
84030103,30103
84030105,30105
84030107,30107
84030109,30109
84030111,30111
84031001,31001
84031003,31003
84031005,31005
84031007,31007
84031009,31009
84031011,31011
84031013,31013
84031015,31015
84031017,31017
84031019,31019
84031021,31021
84031023,31023
84031025,31025
84031027,31027
84031029,31029
84031031,31031
84031033,31033
84031035,31035
84031037,31037
84031039,31039
84031041,31041
84031043,31043
84031045,31045
84031047,31047
84031049,31049
84031051,31051
84031053,31053
84031055,31055
84031057,31057
84031059,31059
84031061,31061
84031063,31063
84031065,31065
84031067,31067
84031069,31069
84031071,31071
84031073,31073
84031075,31075
84031077,31077
84031079,31079
84031081,31081
84031083,31083
84031085,31085
84031087,31087
84031089,31089
84031091,31091
84031093,31093
84031095,31095
84031097,31097
84031099,31099
84031101,31101
84031103,31103
84031105,31105
84031107,31107
84031109,31109
84031111,31111
84031113,31113
84031115,31115
84031117,31117
84031119,31119
84031121,31121
84031123,31123
84031125,31125
84031127,31127
84031129,31129
84031131,31131
84031133,31133
84031135,31135
84031137,31137
84031139,31139
84031141,31141
84031143,31143
84031145,31145
84031147,31147
84031149,31149
84031151,31151
84031153,31153
84031155,31155
84031157,31157
84031159,31159
84031161,31161
84031163,31163
84031165,31165
84031167,31167
84031169,31169
84031171,31171
84031173,31173
84031175,31175
84031177,31177
84031179,31179
84031181,31181
84031183,31183
84031185,31185
84032001,32001
84032003,32003
84032005,32005
84032007,32007
84032009,32009
84032011,32011
84032013,32013
84032015,32015
84032017,32017
84032019,32019
84032021,32021
84032023,32023
84032027,32027
84032029,32029
84032031,32031
84032033,32033
84032510,32510
84033001,33001
84033003,33003
84033005,33005
84033007,33007
84033009,33009
84033011,33011
84033013,33013
84033015,33015
84033017,33017
84033019,33019
84034001,34001
84034003,34003
84034005,34005
84034007,34007
84034009,34009
84034011,34011
84034013,34013
84034015,34015
84034017,34017
84034019,34019
84034021,34021
84034023,34023
84034025,34025
84034027,34027
84034029,34029
84034031,34031
84034033,34033
84034035,34035
84034037,34037
84034039,34039
84034041,34041
84035001,35001
84035003,35003
84035005,35005
84035006,35006
84035007,35007
84035009,35009
84035011,35011
84035013,35013
84035015,35015
84035017,35017
84035019,35019
84035021,35021
84035023,35023
84035025,35025
84035027,35027
84035028,35028
84035029,35029
84035031,35031
84035033,35033
84035035,35035
84035037,35037
84035039,35039
84035041,35041
84035043,35043
84035045,35045
84035047,35047
84035049,35049
84035051,35051
84035053,35053
84035055,35055
84035057,35057
84035059,35059
84035061,35061
84036001,36001
84036003,36003
84036005,36005
84036007,36007
84036009,36009
84036011,36011
84036013,36013
84036015,36015
84036017,36017
84036019,36019
84036021,36021
84036023,36023
84036025,36025
84036027,36027
84036029,36029
84036031,36031
84036033,36033
84036035,36035
84036037,36037
84036039,36039
84036041,36041
84036043,36043
84036045,36045
84036047,36047
84036049,36049
84036051,36051
84036053,36053
84036055,36055
84036057,36057
84036059,36059
84036061,36061
84036063,36063
84036065,36065
84036067,36067
84036069,36069
84036071,36071
84036073,36073
84036075,36075
84036077,36077
84036079,36079
84036081,36081
84036083,36083
84036085,36085
84036087,36087
84036089,36089
84036091,36091
84036093,36093
84036095,36095
84036097,36097
84036099,36099
84036101,36101
84036103,36103
84036105,36105
84036107,36107
84036109,36109
84036111,36111
84036113,36113
84036115,36115
84036117,36117
84036119,36119
84036121,36121
84036123,36123
84037001,37001
84037003,37003
84037005,37005
84037007,37007
84037009,37009
84037011,37011
84037013,37013
84037015,37015
84037017,37017
84037019,37019
84037021,37021
84037023,37023
84037025,37025
84037027,37027
84037029,37029
84037031,37031
84037033,37033
84037035,37035
84037037,37037
84037039,37039
84037041,37041
84037043,37043
84037045,37045
84037047,37047
84037049,37049
84037051,37051
84037053,37053
84037055,37055
84037057,37057
84037059,37059
84037061,37061
84037063,37063
84037065,37065
84037067,37067
84037069,37069
84037071,37071
84037073,37073
84037075,37075
84037077,37077
84037079,37079
84037081,37081
84037083,37083
84037085,37085
84037087,37087
84037089,37089
84037091,37091
84037093,37093
84037095,37095
84037097,37097
84037099,37099
84037101,37101
84037103,37103
84037105,37105
84037107,37107
84037109,37109
84037111,37111
84037113,37113
84037115,37115
84037117,37117
84037119,37119
84037121,37121
84037123,37123
84037125,37125
84037127,37127
84037129,37129
84037131,37131
84037133,37133
84037135,37135
84037137,37137
84037139,37139
84037141,37141
84037143,37143
84037145,37145
84037147,37147
84037149,37149
84037151,37151
84037153,37153
84037155,37155
84037157,37157
84037159,37159
84037161,37161
84037163,37163
84037165,37165
84037167,37167
84037169,37169
84037171,37171
84037173,37173
84037175,37175
84037177,37177
84037179,37179
84037181,37181
84037183,37183
84037185,37185
84037187,37187
84037189,37189
84037191,37191
84037193,37193
84037195,37195
84037197,37197
84037199,37199
84038001,38001
84038003,38003
84038005,38005
84038007,38007
84038009,38009
84038011,38011
84038013,38013
84038015,38015
84038017,38017
84038019,38019
84038021,38021
84038023,38023
84038025,38025
84038027,38027
84038029,38029
84038031,38031
84038033,38033
84038035,38035
84038037,38037
84038039,38039
84038041,38041
84038043,38043
84038045,38045
84038047,38047
84038049,38049
84038051,38051
84038053,38053
84038055,38055
84038057,38057
84038059,38059
84038061,38061
84038063,38063
84038065,38065
84038067,38067
84038069,38069
84038071,38071
84038073,38073
84038075,38075
84038077,38077
84038079,38079
84038081,38081
84038083,38083
84038085,38085
84038087,38087
84038089,38089
84038091,38091
84038093,38093
84038095,38095
84038097,38097
84038099,38099
84038101,38101
84038103,38103
84038105,38105
84039001,39001
84039003,39003
84039005,39005
84039007,39007
84039009,39009
84039011,39011
84039013,39013
84039015,39015
84039017,39017
84039019,39019
84039021,39021
84039023,39023
84039025,39025
84039027,39027
84039029,39029
84039031,39031
84039033,39033
84039035,39035
84039037,39037
84039039,39039
84039041,39041
84039043,39043
84039045,39045
84039047,39047
84039049,39049
84039051,39051
84039053,39053
84039055,39055
84039057,39057
84039059,39059
84039061,39061
84039063,39063
84039065,39065
84039067,39067
84039069,39069
84039071,39071
84039073,39073
84039075,39075
84039077,39077
84039079,39079
84039081,39081
84039083,39083
84039085,39085
84039087,39087
84039089,39089
84039091,39091
84039093,39093
84039095,39095
84039097,39097
84039099,39099
84039101,39101
84039103,39103
84039105,39105
84039107,39107
84039109,39109
84039111,39111
84039113,39113
84039115,39115
84039117,39117
84039119,39119
84039121,39121
84039123,39123
84039125,39125
84039127,39127
84039129,39129
84039131,39131
84039133,39133
84039135,39135
84039137,39137
84039139,39139
84039141,39141
84039143,39143
84039145,39145
84039147,39147
84039149,39149
84039151,39151
84039153,39153
84039155,39155
84039157,39157
84039159,39159
84039161,39161
84039163,39163
84039165,39165
84039167,39167
84039169,39169
84039171,39171
84039173,39173
84039175,39175
84040001,40001
84040003,40003
84040005,40005
84040007,40007
84040009,40009
84040011,40011
84040013,40013
84040015,40015
84040017,40017
84040019,40019
84040021,40021
84040023,40023
84040025,40025
84040027,40027
84040029,40029
84040031,40031
84040033,40033
84040035,40035
84040037,40037
84040039,40039
84040041,40041
84040043,40043
84040045,40045
84040047,40047
84040049,40049
84040051,40051
84040053,40053
84040055,40055
84040057,40057
84040059,40059
84040061,40061
84040063,40063
84040065,40065
84040067,40067
84040069,40069
84040071,40071
84040073,40073
84040075,40075
84040077,40077
84040079,40079
84040081,40081
84040083,40083
84040085,40085
84040087,40087
84040089,40089
84040091,40091
84040093,40093
84040095,40095
84040097,40097
84040099,40099
84040101,40101
84040103,40103
84040105,40105
84040107,40107
84040109,40109
84040111,40111
84040113,40113
84040115,40115
84040117,40117
84040119,40119
84040121,40121
84040123,40123
84040125,40125
84040127,40127
84040129,40129
84040131,40131
84040133,40133
84040135,40135
84040137,40137
84040139,40139
84040141,40141
84040143,40143
84040145,40145
84040147,40147
84040149,40149
84040151,40151
84040153,40153
84041001,41001
84041003,41003
84041005,41005
84041007,41007
84041009,41009
84041011,41011
84041013,41013
84041015,41015
84041017,41017
84041019,41019
84041021,41021
84041023,41023
84041025,41025
84041027,41027
84041029,41029
84041031,41031
84041033,41033
84041035,41035
84041037,41037
84041039,41039
84041041,41041
84041043,41043
84041045,41045
84041047,41047
84041049,41049
84041051,41051
84041053,41053
84041055,41055
84041057,41057
84041059,41059
84041061,41061
84041063,41063
84041065,41065
84041067,41067
84041069,41069
84041071,41071
84042001,42001
84042003,42003
84042005,42005
84042007,42007
84042009,42009
84042011,42011
84042013,42013
84042015,42015
84042017,42017
84042019,42019
84042021,42021
84042023,42023
84042025,42025
84042027,42027
84042029,42029
84042031,42031
84042033,42033
84042035,42035
84042037,42037
84042039,42039
84042041,42041
84042043,42043
84042045,42045
84042047,42047
84042049,42049
84042051,42051
84042053,42053
84042055,42055
84042057,42057
84042059,42059
84042061,42061
84042063,42063
84042065,42065
84042067,42067
84042069,42069
84042071,42071
84042073,42073
84042075,42075
84042077,42077
84042079,42079
84042081,42081
84042083,42083
84042085,42085
84042087,42087
84042089,42089
84042091,42091
84042093,42093
84042095,42095
84042097,42097
84042099,42099
84042101,42101
84042103,42103
84042105,42105
84042107,42107
84042109,42109
84042111,42111
84042113,42113
84042115,42115
84042117,42117
84042119,42119
84042121,42121
84042123,42123
84042125,42125
84042127,42127
84042129,42129
84042131,42131
84042133,42133
84044001,44001
84044003,44003
84044005,44005
84044007,44007
84044009,44009
84045001,45001
84045003,45003
84045005,45005
84045007,45007
84045009,45009
84045011,45011
84045013,45013
84045015,45015
84045017,45017
84045019,45019
84045021,45021
84045023,45023
84045025,45025
84045027,45027
84045029,45029
84045031,45031
84045033,45033
84045035,45035
84045037,45037
84045039,45039
84045041,45041
84045043,45043
84045045,45045
84045047,45047
84045049,45049
84045051,45051
84045053,45053
84045055,45055
84045057,45057
84045059,45059
84045061,45061
84045063,45063
84045065,45065
84045067,45067
84045069,45069
84045071,45071
84045073,45073
84045075,45075
84045077,45077
84045079,45079
84045081,45081
84045083,45083
84045085,45085
84045087,45087
84045089,45089
84045091,45091
84046003,46003
84046005,46005
84046007,46007
84046009,46009
84046011,46011
84046013,46013
84046015,46015
84046017,46017
84046019,46019
84046021,46021
84046023,46023
84046025,46025
84046027,46027
84046029,46029
84046031,46031
84046033,46033
84046035,46035
84046037,46037
84046039,46039
84046041,46041
84046043,46043
84046045,46045
84046047,46047
84046049,46049
84046051,46051
84046053,46053
84046055,46055
84046057,46057
84046059,46059
84046061,46061
84046063,46063
84046065,46065
84046067,46067
84046069,46069
84046071,46071
84046073,46073
84046075,46075
84046077,46077
84046079,46079
84046081,46081
84046083,46083
84046085,46085
84046087,46087
84046089,46089
84046091,46091
84046093,46093
84046095,46095
84046097,46097
84046099,46099
84046101,46101
84046102,46102
84046103,46103
84046105,46105
84046107,46107
84046109,46109
84046111,46111
84046115,46115
84046117,46117
84046119,46119
84046121,46121
84046123,46123
84046125,46125
84046127,46127
84046129,46129
84046135,46135
84046137,46137
84047001,47001
84047003,47003
84047005,47005
84047007,47007
84047009,47009
84047011,47011
84047013,47013
84047015,47015
84047017,47017
84047019,47019
84047021,47021
84047023,47023
84047025,47025
84047027,47027
84047029,47029
84047031,47031
84047033,47033
84047035,47035
84047037,47037
84047039,47039
84047041,47041
84047043,47043
84047045,47045
84047047,47047
84047049,47049
84047051,47051
84047053,47053
84047055,47055
84047057,47057
84047059,47059
84047061,47061
84047063,47063
84047065,47065
84047067,47067
84047069,47069
84047071,47071
84047073,47073
84047075,47075
84047077,47077
84047079,47079
84047081,47081
84047083,47083
84047085,47085
84047087,47087
84047089,47089
84047091,47091
84047093,47093
84047095,47095
84047097,47097
84047099,47099
84047101,47101
84047103,47103
84047105,47105
84047107,47107
84047109,47109
84047111,47111
84047113,47113
84047115,47115
84047117,47117
84047119,47119
84047121,47121
84047123,47123
84047125,47125
84047127,47127
84047129,47129
84047131,47131
84047133,47133
84047135,47135
84047137,47137
84047139,47139
84047141,47141
84047143,47143
84047145,47145
84047147,47147
84047149,47149
84047151,47151
84047153,47153
84047155,47155
84047157,47157
84047159,47159
84047161,47161
84047163,47163
84047165,47165
84047167,47167
84047169,47169
84047171,47171
84047173,47173
84047175,47175
84047177,47177
84047179,47179
84047181,47181
84047183,47183
84047185,47185
84047187,47187
84047189,47189
84048001,48001
84048003,48003
84048005,48005
84048007,48007
84048009,48009
84048011,48011
84048013,48013
84048015,48015
84048017,48017
84048019,48019
84048021,48021
84048023,48023
84048025,48025
84048027,48027
84048029,48029
84048031,48031
84048033,48033
84048035,48035
84048037,48037
84048039,48039
84048041,48041
84048043,48043
84048045,48045
84048047,48047
84048049,48049
84048051,48051
84048053,48053
84048055,48055
84048057,48057
84048059,48059
84048061,48061
84048063,48063
84048065,48065
84048067,48067
84048069,48069
84048071,48071
84048073,48073
84048075,48075
84048077,48077
84048079,48079
84048081,48081
84048083,48083
84048085,48085
84048087,48087
84048089,48089
84048091,48091
84048093,48093
84048095,48095
84048097,48097
84048099,48099
84048101,48101
84048103,48103
84048105,48105
84048107,48107
84048109,48109
84048111,48111
84048113,48113
84048115,48115
84048117,48117
84048119,48119
84048121,48121
84048123,48123
84048125,48125
84048127,48127
84048129,48129
84048131,48131
84048133,48133
84048135,48135
84048137,48137
84048139,48139
84048141,48141
84048143,48143
84048145,48145
84048147,48147
84048149,48149
84048151,48151
84048153,48153
84048155,48155
84048157,48157
84048159,48159
84048161,48161
84048163,48163
84048165,48165
84048167,48167
84048169,48169
84048171,48171
84048173,48173
84048175,48175
84048177,48177
84048179,48179
84048181,48181
84048183,48183
84048185,48185
84048187,48187
84048189,48189
84048191,48191
84048193,48193
84048195,48195
84048197,48197
84048199,48199
84048201,48201
84048203,48203
84048205,48205
84048207,48207
84048209,48209
84048211,48211
84048213,48213
84048215,48215
84048217,48217
84048219,48219
84048221,48221
84048223,48223
84048225,48225
84048227,48227
84048229,48229
84048231,48231
84048233,48233
84048235,48235
84048237,48237
84048239,48239
84048241,48241
84048243,48243
84048245,48245
84048247,48247
84048249,48249
84048251,48251
84048253,48253
84048255,48255
84048257,48257
84048259,48259
84048261,48261
84048263,48263
84048265,48265
84048267,48267
84048269,48269
84048271,48271
84048273,48273
84048275,48275
84048277,48277
84048279,48279
84048281,48281
84048283,48283
84048285,48285
84048287,48287
84048289,48289
84048291,48291
84048293,48293
84048295,48295
84048297,48297
84048299,48299
84048301,48301
84048303,48303
84048305,48305
84048307,48307
84048309,48309
84048311,48311
84048313,48313
84048315,48315
84048317,48317
84048319,48319
84048321,48321
84048323,48323
84048325,48325
84048327,48327
84048329,48329
84048331,48331
84048333,48333
84048335,48335
84048337,48337
84048339,48339
84048341,48341
84048343,48343
84048345,48345
84048347,48347
84048349,48349
84048351,48351
84048353,48353
84048355,48355
84048357,48357
84048359,48359
84048361,48361
84048363,48363
84048365,48365
84048367,48367
84048369,48369
84048371,48371
84048373,48373
84048375,48375
84048377,48377
84048379,48379
84048381,48381
84048383,48383
84048385,48385
84048387,48387
84048389,48389
84048391,48391
84048393,48393
84048395,48395
84048397,48397
84048399,48399
84048401,48401
84048403,48403
84048405,48405
84048407,48407
84048409,48409
84048411,48411
84048413,48413
84048415,48415
84048417,48417
84048419,48419
84048421,48421
84048423,48423
84048425,48425
84048427,48427
84048429,48429
84048431,48431
84048433,48433
84048435,48435
84048437,48437
84048439,48439
84048441,48441
84048443,48443
84048445,48445
84048447,48447
84048449,48449
84048451,48451
84048453,48453
84048455,48455
84048457,48457
84048459,48459
84048461,48461
84048463,48463
84048465,48465
84048467,48467
84048469,48469
84048471,48471
84048473,48473
84048475,48475
84048477,48477
84048479,48479
84048481,48481
84048483,48483
84048485,48485
84048487,48487
84048489,48489
84048491,48491
84048493,48493
84048495,48495
84048497,48497
84048499,48499
84048501,48501
84048503,48503
84048505,48505
84048507,48507
84049001,49001
84049003,49003
84049005,49005
84049007,49007
84049009,49009
84049011,49011
84049013,49013
84049015,49015
84049017,49017
84049019,49019
84049021,49021
84049023,49023
84049025,49025
84049027,49027
84049029,49029
84049031,49031
84049033,49033
84049035,49035
84049037,49037
84049039,49039
84049041,49041
84049043,49043
84049045,49045
84049047,49047
84049049,49049
84049051,49051
84049053,49053
84049055,49055
84049057,49057
84050001,50001
84050003,50003
84050005,50005
84050007,50007
84050009,50009
84050011,50011
84050013,50013
84050015,50015
84050017,50017
84050019,50019
84050021,50021
84050023,50023
84050025,50025
84050027,50027
84051001,51001
84051003,51003
84051005,51005
84051007,51007
84051009,51009
84051011,51011
84051013,51013
84051015,51015
84051017,51017
84051019,51019
84051021,51021
84051023,51023
84051025,51025
84051027,51027
84051029,51029
84051031,51031
84051033,51033
84051035,51035
84051036,51036
84051037,51037
84051041,51041
84051043,51043
84051045,51045
84051047,51047
84051049,51049
84051051,51051
84051053,51053
84051057,51057
84051059,51059
84051061,51061
84051063,51063
84051065,51065
84051067,51067
84051069,51069
84051071,51071
84051073,51073
84051075,51075
84051077,51077
84051079,51079
84051081,51081
84051083,51083
84051085,51085
84051087,51087
84051089,51089
84051091,51091
84051093,51093
84051095,51095
84051097,51097
84051099,51099
84051101,51101
84051103,51103
84051105,51105
84051107,51107
84051109,51109
84051111,51111
84051113,51113
84051115,51115
84051117,51117
84051119,51119
84051121,51121
84051125,51125
84051127,51127
84051131,51131
84051133,51133
84051135,51135
84051137,51137
84051139,51139
84051141,51141
84051143,51143
84051145,51145
84051147,51147
84051149,51149
84051153,51153
84051155,51155
84051157,51157
84051159,51159
84051161,51161
84051163,51163
84051165,51165
84051167,51167
84051169,51169
84051171,51171
84051173,51173
84051175,51175
84051177,51177
84051179,51179
84051181,51181
84051183,51183
84051185,51185
84051187,51187
84051191,51191
84051193,51193
84051195,51195
84051197,51197
84051199,51199
84051510,51510
84051520,51520
84051530,51530
84051540,51540
84051550,51550
84051570,51570
84051580,51580
84051590,51590
84051595,51595
84051600,51600
84051610,51610
84051620,51620
84051630,51630
84051640,51640
84051650,51650
84051660,51660
84051670,51670
84051678,51678
84051680,51680
84051683,51683
84051685,51685
84051690,51690
84051700,51700
84051710,51710
84051720,51720
84051730,51730
84051735,51735
84051740,51740
84051750,51750
84051760,51760
84051770,51770
84051775,51775
84051790,51790
84051800,51800
84051810,51810
84051820,51820
84051830,51830
84051840,51840
84053001,53001
84053003,53003
84053005,53005
84053007,53007
84053009,53009
84053011,53011
84053013,53013
84053015,53015
84053017,53017
84053019,53019
84053021,53021
84053023,53023
84053025,53025
84053027,53027
84053029,53029
84053031,53031
84053033,53033
84053035,53035
84053037,53037
84053039,53039
84053041,53041
84053043,53043
84053045,53045
84053047,53047
84053049,53049
84053051,53051
84053053,53053
84053055,53055
84053057,53057
84053059,53059
84053061,53061
84053063,53063
84053065,53065
84053067,53067
84053069,53069
84053071,53071
84053073,53073
84053075,53075
84053077,53077
84054001,54001
84054003,54003
84054005,54005
84054007,54007
84054009,54009
84054011,54011
84054013,54013
84054015,54015
84054017,54017
84054019,54019
84054021,54021
84054023,54023
84054025,54025
84054027,54027
84054029,54029
84054031,54031
84054033,54033
84054035,54035
84054037,54037
84054039,54039
84054041,54041
84054043,54043
84054045,54045
84054047,54047
84054049,54049
84054051,54051
84054053,54053
84054055,54055
84054057,54057
84054059,54059
84054061,54061
84054063,54063
84054065,54065
84054067,54067
84054069,54069
84054071,54071
84054073,54073
84054075,54075
84054077,54077
84054079,54079
84054081,54081
84054083,54083
84054085,54085
84054087,54087
84054089,54089
84054091,54091
84054093,54093
84054095,54095
84054097,54097
84054099,54099
84054101,54101
84054103,54103
84054105,54105
84054107,54107
84054109,54109
84055001,55001
84055003,55003
84055005,55005
84055007,55007
84055009,55009
84055011,55011
84055013,55013
84055015,55015
84055017,55017
84055019,55019
84055021,55021
84055023,55023
84055025,55025
84055027,55027
84055029,55029
84055031,55031
84055033,55033
84055035,55035
84055037,55037
84055039,55039
84055041,55041
84055043,55043
84055045,55045
84055047,55047
84055049,55049
84055051,55051
84055053,55053
84055055,55055
84055057,55057
84055059,55059
84055061,55061
84055063,55063
84055065,55065
84055067,55067
84055069,55069
84055071,55071
84055073,55073
84055075,55075
84055077,55077
84055078,55078
84055079,55079
84055081,55081
84055083,55083
84055085,55085
84055087,55087
84055089,55089
84055091,55091
84055093,55093
84055095,55095
84055097,55097
84055099,55099
84055101,55101
84055103,55103
84055105,55105
84055107,55107
84055109,55109
84055111,55111
84055113,55113
84055115,55115
84055117,55117
84055119,55119
84055121,55121
84055123,55123
84055125,55125
84055127,55127
84055129,55129
84055131,55131
84055133,55133
84055135,55135
84055137,55137
84055139,55139
84055141,55141
84056001,56001
84056003,56003
84056005,56005
84056007,56007
84056009,56009
84056011,56011
84056013,56013
84056015,56015
84056017,56017
84056019,56019
84056021,56021
84056023,56023
84056025,56025
84056027,56027
84056029,56029
84056031,56031
84056033,56033
84056035,56035
84056037,56037
84056039,56039
84056041,56041
84056043,56043
84056045,56045
